Ticker,Date,Price
BTC,1/1/18,13863.14
BTC,1/2/18,13480.00
BTC,1/3/18,14781.52
BTC,1/4/18,15098.23
BTC,1/5/18,15145.00
BTC,1/6/18,16960.01
BTC,1/7/18,17115.01
BTC,1/8/18,16174.22
BTC,1/9/18,14993.73
BTC,1/10/18,14481.00
BTC,1/11/18,14970.00
BTC,1/12/18,13308.06
BTC,1/13/18,13820.00
BTC,1/14/18,14187.94
BTC,1/15/18,13656.23
BTC,1/16/18,13643.66
BTC,1/17/18,11570.01
BTC,1/18/18,11204.64
BTC,1/19/18,11305.53
BTC,1/20/18,11498.99
BTC,1/21/18,12762.80
BTC,1/22/18,11518.17
BTC,1/23/18,10766.70
BTC,1/24/18,10824.95
BTC,1/25/18,11356.80
BTC,1/26/18,11118.00
BTC,1/27/18,11086.88
BTC,1/28/18,11319.00
BTC,1/29/18,11536.00
BTC,1/30/18,11123.01
BTC,1/31/18,9995.00
BTC,2/1/18,10099.99
BTC,2/2/18,9014.22
BTC,2/3/18,8787.52
BTC,2/4/18,9227.80
BTC,2/5/18,8167.90
BTC,2/6/18,6905.20
BTC,2/7/18,7688.47
BTC,2/8/18,7575.76
BTC,2/9/18,8218.07
BTC,2/10/18,8671.00
BTC,2/11/18,8547.49
BTC,2/12/18,8072.99
BTC,2/13/18,8872.27
BTC,2/14/18,8520.00
BTC,2/15/18,9472.98
BTC,2/16/18,10031.23
BTC,2/17/18,10167.49
BTC,2/18/18,11121.50
BTC,2/19/18,10380.03
BTC,2/20/18,11140.00
BTC,2/21/18,11235.57
BTC,2/22/18,10453.83
BTC,2/23/18,9830.00
BTC,2/24/18,10144.99
BTC,2/25/18,9688.61
BTC,2/26/18,9600.00
BTC,2/27/18,10300.00
BTC,2/28/18,10556.30
BTC,3/1/18,10307.26
BTC,3/2/18,10895.93
BTC,3/3/18,11000.00
BTC,3/4/18,11432.51
BTC,3/5/18,11469.90
BTC,3/6/18,11371.50
BTC,3/7/18,10700.00
BTC,3/8/18,9925.00
BTC,3/9/18,9304.90
BTC,3/10/18,9255.00
BTC,3/11/18,8795.45
BTC,3/12/18,9533.88
BTC,3/13/18,9120.00
BTC,3/14/18,9145.42
BTC,3/15/18,8207.02
BTC,3/16/18,8260.00
BTC,3/17/18,8274.09
BTC,3/18/18,7857.59
BTC,3/19/18,8192.00
BTC,3/20/18,8589.00
BTC,3/21/18,8900.00
BTC,3/22/18,8891.81
BTC,3/23/18,8715.09
BTC,3/24/18,8927.80
BTC,3/25/18,8531.96
BTC,3/26/18,8453.00
BTC,3/27/18,8144.99
BTC,3/28/18,7793.61
BTC,3/29/18,7942.73
BTC,3/30/18,7080.00
BTC,3/31/18,6848.01
BTC,4/1/18,6928.50
BTC,4/2/18,6816.01
BTC,4/3/18,7045.01
BTC,4/4/18,7424.91
BTC,4/5/18,6791.68
BTC,4/6/18,6785.86
BTC,4/7/18,6605.08
BTC,4/8/18,6894.01
BTC,4/9/18,7020.01
BTC,4/10/18,6771.14
BTC,4/11/18,6825.00
BTC,4/12/18,6943.00
BTC,4/13/18,7915.99
BTC,4/14/18,7893.19
BTC,4/15/18,8003.11
BTC,4/16/18,8355.24
BTC,4/17/18,8048.92
BTC,4/18/18,7892.11
BTC,4/19/18,8152.05
BTC,4/20/18,8274.00
BTC,4/21/18,8866.27
BTC,4/22/18,8915.42
BTC,4/23/18,8775.10
BTC,4/24/18,8931.31
BTC,4/25/18,9645.00
BTC,4/26/18,8865.98
BTC,4/27/18,9272.12
BTC,4/28/18,8863.42
BTC,4/29/18,9329.99
BTC,4/30/18,9389.01
BTC,5/1/18,9245.37
BTC,5/2/18,9072.29
BTC,5/3/18,9190.47
BTC,5/4/18,9451.50
BTC,5/5/18,9685.00
BTC,5/6/18,9799.99
BTC,5/7/18,9600.00
BTC,5/8/18,9356.25
BTC,5/9/18,9177.81
BTC,5/10/18,9300.08
BTC,5/11/18,9010.51
BTC,5/12/18,8403.33
BTC,5/13/18,8474.31
BTC,5/14/18,8686.10
BTC,5/15/18,8670.00
BTC,5/16/18,8477.47
BTC,5/17/18,8344.01
BTC,5/18/18,8059.00
BTC,5/19/18,8238.51
BTC,5/20/18,8235.60
BTC,5/21/18,8516.86
BTC,5/22/18,8400.00
BTC,5/23/18,7987.70
BTC,5/24/18,7505.01
BTC,5/25/18,7584.15
BTC,5/26/18,7459.11
BTC,5/27/18,7337.94
BTC,5/28/18,7346.64
BTC,5/29/18,7107.94
BTC,5/30/18,7460.00
BTC,5/31/18,7380.00
BTC,6/1/18,7485.00
BTC,6/2/18,7514.32
BTC,6/3/18,7636.41
BTC,6/4/18,7706.37
BTC,6/5/18,7487.37
BTC,6/6/18,7612.51
BTC,6/7/18,7655.00
BTC,6/8/18,7684.93
BTC,6/9/18,7616.00
BTC,6/10/18,7496.41
BTC,6/11/18,6770.31
BTC,6/12/18,6885.84
BTC,6/13/18,6549.47
BTC,6/14/18,6302.32
BTC,6/15/18,6638.49
BTC,6/16/18,6391.21
BTC,6/17/18,6484.30
BTC,6/18/18,6447.15
BTC,6/19/18,6709.19
BTC,6/20/18,6736.41
BTC,6/21/18,6759.54
BTC,6/22/18,6719.01
BTC,6/23/18,6059.82
BTC,6/24/18,6178.29
BTC,6/25/18,6150.00
BTC,6/26/18,6246.01
BTC,6/27/18,6074.01
BTC,6/28/18,6132.16
BTC,6/29/18,5850.25
BTC,6/30/18,6185.00
BTC,7/1/18,6383.19
BTC,7/2/18,6349.50
BTC,7/3/18,6611.79
BTC,7/4/18,6502.62
BTC,7/5/18,6587.46
BTC,7/6/18,6532.96
BTC,7/7/18,6599.99
BTC,7/8/18,6753.29
BTC,7/9/18,6701.97
BTC,7/10/18,6664.01
BTC,7/11/18,6303.69
BTC,7/12/18,6390.04
BTC,7/13/18,6246.68
BTC,7/14/18,6216.29
BTC,7/15/18,6248.65
BTC,7/16/18,6348.73
BTC,7/17/18,6728.80
BTC,7/18/18,7315.00
BTC,7/19/18,7378.99
BTC,7/20/18,7470.01
BTC,7/21/18,7334.46
BTC,7/22/18,7408.00
BTC,7/23/18,7378.26
BTC,7/24/18,7720.08
BTC,7/25/18,8390.04
BTC,7/26/18,8157.15
BTC,7/27/18,7932.00
BTC,7/28/18,8182.64
BTC,7/29/18,8227.38
BTC,7/30/18,8216.33
BTC,7/31/18,8173.57
BTC,8/1/18,7727.28
BTC,8/2/18,7603.99
BTC,8/3/18,7533.92
BTC,8/4/18,7414.08
BTC,8/5/18,7005.00
BTC,8/6/18,7030.00
BTC,8/7/18,6938.00
BTC,8/8/18,6718.22
BTC,8/9/18,6282.50
BTC,8/10/18,6546.46
BTC,8/11/18,6146.01
BTC,8/12/18,6236.00
BTC,8/13/18,6316.00
BTC,8/14/18,6253.67
BTC,8/15/18,6195.00
BTC,8/16/18,6269.01
BTC,8/17/18,6290.39
BTC,8/18/18,6585.50
BTC,8/19/18,6396.63
BTC,8/20/18,6489.53
BTC,8/21/18,6249.12
BTC,8/22/18,6475.89
BTC,8/23/18,6348.69
BTC,8/24/18,6526.36
BTC,8/25/18,6690.88
BTC,8/26/18,6737.52
BTC,8/27/18,6709.98
BTC,8/28/18,6911.90
BTC,8/29/18,7071.01
BTC,8/30/18,7030.92
BTC,8/31/18,6983.00
BTC,9/1/18,7010.98
BTC,9/2/18,7191.07
BTC,9/3/18,7294.99
BTC,9/4/18,7256.48
BTC,9/5/18,7359.99
BTC,9/6/18,6687.96
BTC,9/7/18,6495.00
BTC,9/8/18,6395.01
BTC,9/9/18,6188.00
BTC,9/10/18,6235.02
BTC,9/11/18,6300.00
BTC,9/12/18,6282.53
BTC,9/13/18,6323.64
BTC,9/14/18,6485.99
BTC,9/15/18,6478.05
BTC,9/16/18,6521.75
BTC,9/17/18,6498.00
BTC,9/18/18,6250.71
BTC,9/19/18,6335.69
BTC,9/20/18,6386.95
BTC,9/21/18,6493.11
BTC,9/22/18,6750.00
BTC,9/23/18,6707.34
BTC,9/24/18,6696.99
BTC,9/25/18,6582.10
BTC,9/26/18,6435.00
BTC,9/27/18,6455.65
BTC,9/28/18,6680.01
BTC,9/29/18,6620.01
BTC,9/30/18,6581.00
BTC,10/1/18,6605.00
BTC,10/2/18,6572.83
BTC,10/3/18,6498.47
BTC,10/4/18,6466.03
BTC,10/5/18,6547.45
BTC,10/6/18,6593.94
BTC,10/7/18,6552.42
BTC,10/8/18,6569.99
BTC,10/9/18,6607.53
BTC,10/10/18,6591.32
BTC,10/11/18,6524.56
BTC,10/12/18,6111.97
BTC,10/13/18,6178.00
BTC,10/14/18,6196.01
BTC,10/15/18,6183.52
BTC,10/16/18,6440.43
BTC,10/17/18,6457.10
BTC,10/18/18,6443.69
BTC,10/19/18,6394.96
BTC,10/20/18,6382.99
BTC,10/21/18,6413.99
BTC,10/22/18,6415.87
BTC,10/23/18,6407.64
BTC,10/24/18,6395.13
BTC,10/25/18,6415.97
BTC,10/26/18,6395.58
BTC,10/27/18,6404.87
BTC,10/28/18,6409.11
BTC,10/29/18,6403.63
BTC,10/30/18,6266.00
BTC,10/31/18,6267.63
BTC,11/1/18,6304.18
BTC,11/2/18,6344.00
BTC,11/3/18,6349.80
BTC,11/4/18,6331.96
BTC,11/5/18,6423.29
BTC,11/6/18,6404.00
BTC,11/7/18,6448.50
BTC,11/8/18,6503.12
BTC,11/9/18,6406.24
BTC,11/10/18,6334.89
BTC,11/11/18,6347.42
BTC,11/12/18,6357.60
BTC,11/13/18,6327.87
BTC,11/14/18,6259.35
BTC,11/15/18,5605.01
BTC,11/16/18,5579.50
BTC,11/17/18,5512.26
BTC,11/18/18,5503.34
BTC,11/19/18,5560.00
BTC,11/20/18,4736.67
BTC,11/21/18,4349.24
BTC,11/22/18,4545.12
BTC,11/23/18,4268.18
BTC,11/24/18,4283.80
BTC,11/25/18,3775.00
BTC,11/26/18,3936.70
BTC,11/27/18,3731.01
BTC,11/28/18,3775.00
BTC,11/29/18,4224.86
BTC,11/30/18,4247.99
BTC,12/1/18,3976.01
BTC,12/2/18,4142.01
BTC,12/3/18,4119.98
BTC,12/4/18,3833.47
BTC,12/5/18,3901.84
BTC,12/6/18,3694.39
BTC,12/7/18,3433.30
BTC,12/8/18,3380.00
BTC,12/9/18,3401.00
BTC,12/10/18,3531.18
BTC,12/11/18,3410.15
BTC,12/12/18,3350.27
BTC,12/13/18,3430.24
BTC,12/14/18,3265.00
BTC,12/15/18,3195.71
BTC,12/16/18,3183.01
BTC,12/17/18,3194.99
BTC,12/18/18,3497.10
BTC,12/19/18,3667.76
BTC,12/20/18,3682.51
BTC,12/21/18,4075.33
BTC,12/22/18,3839.26
BTC,12/23/18,3981.24
BTC,12/24/18,3944.92
BTC,12/25/18,4045.41
BTC,12/26/18,3780.00
BTC,12/27/18,3809.88
BTC,12/28/18,3589.89
BTC,12/29/18,3887.58
BTC,12/30/18,3729.31
BTC,12/31/18,3835.40
BTC,1/1/19,3691.87
BTC,1/2/19,3826.10
BTC,1/3/19,3890.80
BTC,1/4/19,3787.57
BTC,1/5/19,3820.82
BTC,1/6/19,3799.99
BTC,1/7/19,4040.98
BTC,1/8/19,4005.97
BTC,1/9/19,3993.85
BTC,1/10/19,4004.13
BTC,1/11/19,3626.12
BTC,1/12/19,3634.73
BTC,1/13/19,3619.38
BTC,1/14/19,3514.24
BTC,1/15/19,3664.18
BTC,1/16/19,3580.19
BTC,1/17/19,3609.71
BTC,1/18/19,3643.69
BTC,1/19/19,3607.85
BTC,1/20/19,3683.50
BTC,1/21/19,3537.56
BTC,1/22/19,3531.75
BTC,1/23/19,3577.04
BTC,1/24/19,3553.01
BTC,1/25/19,3568.97
BTC,1/26/19,3562.17
BTC,1/27/19,3556.07
BTC,1/28/19,3531.02
BTC,1/29/19,3429.95
BTC,1/30/19,3395.74
BTC,1/31/19,3437.55
BTC,2/1/19,3411.50
BTC,2/2/19,3437.50
BTC,2/3/19,3468.43
BTC,2/4/19,3415.69
BTC,2/5/19,3409.57
BTC,2/6/19,3441.00
BTC,2/7/19,3366.01
BTC,2/8/19,3358.99
BTC,2/9/19,3622.00
BTC,2/10/19,3623.73
BTC,2/11/19,3652.00
BTC,2/12/19,3590.36
BTC,2/13/19,3588.06
BTC,2/14/19,3576.69
BTC,2/15/19,3561.49
BTC,2/16/19,3566.59
BTC,2/17/19,3582.37
BTC,2/18/19,3616.18
BTC,2/19/19,3867.00
BTC,2/20/19,3888.37
BTC,2/21/19,3939.00
BTC,2/22/19,3897.71
BTC,2/23/19,3942.02
BTC,2/24/19,4110.00
BTC,2/25/19,3731.09
BTC,2/26/19,3818.78
BTC,2/27/19,3799.49
BTC,2/28/19,3800.35
BTC,3/1/19,3792.14
BTC,3/2/19,3806.17
BTC,3/3/19,3809.70
BTC,3/4/19,3786.93
BTC,3/5/19,3700.02
BTC,3/6/19,3844.59
BTC,3/7/19,3851.89
BTC,3/8/19,3857.04
BTC,3/9/19,3842.62
BTC,3/10/19,3917.00
BTC,3/11/19,3900.93
BTC,3/12/19,3849.67
BTC,3/13/19,3860.00
BTC,3/14/19,3851.02
BTC,3/15/19,3853.95
BTC,3/16/19,3902.80
BTC,3/17/19,3990.00
BTC,3/18/19,3967.01
BTC,3/19/19,3969.68
BTC,3/20/19,4000.85
BTC,3/21/19,4032.68
BTC,3/22/19,3972.76
BTC,3/23/19,3983.77
BTC,3/24/19,3982.45
BTC,3/25/19,3969.52
BTC,3/26/19,3907.54
BTC,3/27/19,3922.41
BTC,3/28/19,4026.54
BTC,3/29/19,4011.98
BTC,3/30/19,4091.01
BTC,3/31/19,4094.14
BTC,4/1/19,4095.00
BTC,4/2/19,4137.01
BTC,4/3/19,4901.92
BTC,4/4/19,4975.13
BTC,4/5/19,4907.92
BTC,4/6/19,5040.95
BTC,4/7/19,5049.18
BTC,4/8/19,5194.76
BTC,4/9/19,5287.00
BTC,4/10/19,5187.21
BTC,4/11/19,5322.02
BTC,4/12/19,5040.11
BTC,4/13/19,5078.19
BTC,4/14/19,5065.02
BTC,4/15/19,5163.81
BTC,4/16/19,5029.99
BTC,4/17/19,5201.21
BTC,4/18/19,5227.00
BTC,4/19/19,5280.50
BTC,4/20/19,5290.37
BTC,4/21/19,5319.90
BTC,4/22/19,5297.64
BTC,4/23/19,5387.60
BTC,4/24/19,5532.75
BTC,4/25/19,5440.59
BTC,4/26/19,5134.82
BTC,4/27/19,5159.50
BTC,4/28/19,5171.90
BTC,4/29/19,5155.00
BTC,4/30/19,5148.25
BTC,5/1/19,5265.61
BTC,5/2/19,5321.15
BTC,5/3/19,5363.00
BTC,5/4/19,5657.41
BTC,5/5/19,5770.01
BTC,5/6/19,5715.86
BTC,5/7/19,5687.90
BTC,5/8/19,5656.26
BTC,5/9/19,5947.00
BTC,5/10/19,6153.09
BTC,5/11/19,6342.98
BTC,5/12/19,7215.02
BTC,5/13/19,6979.24
BTC,5/14/19,7822.88
BTC,5/15/19,7990.92
BTC,5/16/19,8203.33
BTC,5/17/19,7881.39
BTC,5/18/19,7363.85
BTC,5/19/19,7252.58
BTC,5/20/19,8199.53
BTC,5/21/19,7998.94
BTC,5/22/19,7951.69
BTC,5/23/19,7622.25
BTC,5/24/19,7878.16
BTC,5/25/19,8001.69
BTC,5/26/19,8063.68
BTC,5/27/19,8732.34
BTC,5/28/19,8772.29
BTC,5/29/19,8715.36
BTC,5/30/19,8662.44
BTC,5/31/19,8279.69
BTC,6/1/19,8554.06
BTC,6/2/19,8550.00
BTC,6/3/19,8742.48
BTC,6/4/19,8104.95
BTC,6/5/19,7671.07
BTC,6/6/19,7787.36
BTC,6/7/19,7805.00
BTC,6/8/19,7998.13
BTC,6/9/19,7930.14
BTC,6/10/19,7635.05
BTC,6/11/19,8015.70
BTC,6/12/19,7913.64
BTC,6/13/19,8176.03
BTC,6/14/19,8239.04
BTC,6/15/19,8697.45
BTC,6/16/19,8856.13
BTC,6/17/19,8975.78
BTC,6/18/19,9359.48
BTC,6/19/19,9078.48
BTC,6/20/19,9277.55
BTC,6/21/19,9531.21
BTC,6/22/19,10080.00
BTC,6/23/19,10666.87
BTC,6/24/19,10833.00
BTC,6/25/19,11030.80
BTC,6/26/19,11754.25
BTC,6/27/19,12927.44
BTC,6/28/19,11159.29
BTC,6/29/19,12360.42
BTC,6/30/19,11869.84
BTC,7/1/19,10761.26
BTC,7/2/19,10578.23
BTC,7/3/19,10829.19
BTC,7/4/19,12064.26
BTC,7/5/19,11137.87
BTC,7/6/19,10980.09
BTC,7/7/19,11084.31
BTC,7/8/19,11474.44
BTC,7/9/19,12293.39
BTC,7/10/19,12572.12
BTC,7/11/19,12097.93
BTC,7/12/19,11348.56
BTC,7/13/19,11797.53
BTC,7/14/19,11370.06
BTC,7/15/19,10190.91
BTC,7/16/19,10856.41
BTC,7/17/19,9429.80
BTC,7/18/19,9696.39
BTC,7/19/19,10652.76
BTC,7/20/19,10536.92
BTC,7/21/19,10761.03
BTC,7/22/19,10590.71
BTC,7/23/19,10324.13
BTC,7/24/19,9848.90
BTC,7/25/19,9734.58
BTC,7/26/19,9880.86
BTC,7/27/19,9843.00
BTC,7/28/19,9469.37
BTC,7/29/19,9533.00
BTC,7/30/19,9499.21
BTC,7/31/19,9570.01
BTC,8/1/19,10089.97
BTC,8/2/19,10404.41
BTC,8/3/19,10533.62
BTC,8/4/19,10822.09
BTC,8/5/19,10977.98
BTC,8/6/19,11811.75
BTC,8/7/19,11465.49
BTC,8/8/19,11983.41
BTC,8/9/19,12040.00
BTC,8/10/19,11860.62
BTC,8/11/19,11280.95
BTC,8/12/19,11555.55
BTC,8/13/19,11389.25
BTC,8/14/19,10859.97
BTC,8/15/19,10021.13
BTC,8/16/19,10300.01
BTC,8/17/19,10352.78
BTC,8/18/19,10217.99
BTC,8/19/19,10315.48
BTC,8/20/19,10953.00
BTC,8/21/19,10768.49
BTC,8/22/19,10133.34
BTC,8/23/19,10105.61
BTC,8/24/19,10413.45
BTC,8/25/19,10148.00
BTC,8/26/19,10140.90
BTC,8/27/19,10379.87
BTC,8/28/19,10171.95
BTC,8/29/19,9717.03
BTC,8/30/19,9494.80
BTC,8/31/19,9582.42
BTC,9/1/19,9600.86
BTC,9/2/19,9766.62
BTC,9/3/19,10381.26
BTC,9/4/19,10628.48
BTC,9/5/19,10581.84
BTC,9/6/19,10574.28
BTC,9/7/19,10304.52
BTC,9/8/19,10484.37
BTC,9/9/19,10401.13
BTC,9/10/19,10310.01
BTC,9/11/19,10093.00
BTC,9/12/19,10158.81
BTC,9/13/19,10423.85
BTC,9/14/19,10365.94
BTC,9/15/19,10360.01
BTC,9/16/19,10303.66
BTC,9/17/19,10246.91
BTC,9/18/19,10258.00
BTC,9/19/19,10156.22
BTC,9/20/19,10309.84
BTC,9/21/19,10168.85
BTC,9/22/19,9973.99
BTC,9/23/19,10051.15
BTC,9/24/19,9693.74
BTC,9/25/19,8530.01
BTC,9/26/19,8438.35
BTC,9/27/19,8060.00
BTC,9/28/19,8193.99
BTC,9/29/19,8217.47
BTC,9/30/19,8054.09
BTC,10/1/19,8304.95
BTC,10/2/19,8321.87
BTC,10/3/19,8419.95
BTC,10/4/19,8241.35
BTC,10/5/19,8156.68
BTC,10/6/19,8176.18
BTC,10/7/19,7859.79
BTC,10/8/19,8208.99
BTC,10/9/19,8180.00
BTC,10/10/19,8590.01
BTC,10/11/19,8587.49
BTC,10/12/19,8261.46
BTC,10/13/19,8309.03
BTC,10/14/19,8282.96
BTC,10/15/19,8355.00
BTC,10/16/19,8162.44
BTC,10/17/19,7995.81
BTC,10/18/19,8076.94
BTC,10/19/19,7954.15
BTC,10/20/19,7965.27
BTC,10/21/19,8235.94
BTC,10/22/19,8209.92
BTC,10/23/19,8024.00
BTC,10/24/19,7475.54
BTC,10/25/19,7430.87
BTC,10/26/19,8668.00
BTC,10/27/19,9259.98
BTC,10/28/19,9555.89
BTC,10/29/19,9225.06
BTC,10/30/19,9431.36
BTC,10/31/19,9164.45
BTC,11/1/19,9159.96
BTC,11/2/19,9253.09
BTC,11/3/19,9308.52
BTC,11/4/19,9206.52
BTC,11/5/19,9412.63
BTC,11/6/19,9322.09
BTC,11/7/19,9341.27
BTC,11/8/19,9198.85
BTC,11/9/19,8763.01
BTC,11/10/19,8807.89
BTC,11/11/19,9032.23
BTC,11/12/19,8721.53
BTC,11/13/19,8838.80
BTC,11/14/19,8784.61
BTC,11/15/19,8630.01
BTC,11/16/19,8457.48
BTC,11/17/19,8481.00
BTC,11/18/19,8501.01
BTC,11/19/19,8168.84
BTC,11/20/19,8123.36
BTC,11/21/19,8082.97
BTC,11/22/19,7616.48
BTC,11/23/19,7283.19
BTC,11/24/19,7344.00
BTC,11/25/19,6908.64
BTC,11/26/19,7127.01
BTC,11/27/19,7162.67
BTC,11/28/19,7524.73
BTC,11/29/19,7411.00
BTC,11/30/19,7759.99
BTC,12/1/19,7555.92
BTC,12/2/19,7405.33
BTC,12/3/19,7305.01
BTC,12/4/19,7302.94
BTC,12/5/19,7199.00
BTC,12/6/19,7393.55
BTC,12/7/19,7541.76
BTC,12/8/19,7502.20
BTC,12/9/19,7520.00
BTC,12/10/19,7337.51
BTC,12/11/19,7219.37
BTC,12/12/19,7298.50
BTC,12/13/19,7185.91
BTC,12/14/19,7249.90
BTC,12/15/19,7062.92
BTC,12/16/19,7111.00
BTC,12/17/19,6877.04
BTC,12/18/19,6616.62
BTC,12/19/19,7288.05
BTC,12/20/19,7149.13
BTC,12/21/19,7190.00
BTC,12/22/19,7143.01
BTC,12/23/19,7514.74
BTC,12/24/19,7310.79
BTC,12/25/19,7265.12
BTC,12/26/19,7192.12
BTC,12/27/19,7194.13
BTC,12/28/19,7245.83
BTC,12/29/19,7302.67
BTC,12/30/19,7384.57
BTC,12/31/19,7218.01
BTC,1/1/20,7165.72
BTC,1/2/20,7174.33
BTC,1/3/20,6945.02
BTC,1/4/20,7334.45
BTC,1/5/20,7348.63
BTC,1/6/20,7343.17
BTC,1/7/20,7764.63
BTC,1/8/20,8160.01
BTC,1/9/20,8048.67
BTC,1/10/20,7813.78
BTC,1/11/20,8198.09
BTC,1/12/20,8017.47
BTC,1/13/20,8195.81
BTC,1/14/20,8105.23
BTC,1/15/20,8812.58
BTC,1/16/20,8808.81
BTC,1/17/20,8714.77
BTC,1/18/20,8899.42
BTC,1/19/20,8908.95
BTC,1/20/20,8697.53
BTC,1/21/20,8628.89
BTC,1/22/20,8722.03
BTC,1/23/20,8665.00
BTC,1/24/20,8385.21
BTC,1/25/20,8427.58
BTC,1/26/20,8326.80
BTC,1/27/20,8595.00
BTC,1/28/20,8895.95
BTC,1/29/20,9439.83
BTC,1/30/20,9287.90
BTC,1/31/20,9502.71
BTC,2/1/20,9334.98
BTC,2/2/20,9380.18
BTC,2/3/20,9325.01
BTC,2/4/20,9280.49
BTC,2/5/20,9164.33
BTC,2/6/20,9613.91
BTC,2/7/20,9763.01
BTC,2/8/20,9807.92
BTC,2/9/20,9888.76
BTC,2/10/20,10199.00
BTC,2/11/20,9851.78
BTC,2/12/20,10270.01
BTC,2/13/20,10351.13
BTC,2/14/20,10236.49
BTC,2/15/20,10371.33
BTC,2/16/20,9911.22
BTC,2/17/20,9920.52
BTC,2/18/20,9700.00
BTC,2/19/20,10188.04
BTC,2/20/20,9593.48
BTC,2/21/20,9610.05
BTC,2/22/20,9695.66
BTC,2/23/20,9667.13
BTC,2/24/20,9965.00
BTC,2/25/20,9660.00
BTC,2/26/20,9304.99
BTC,2/27/20,8778.30
BTC,2/28/20,8814.90
BTC,2/29/20,8708.61
BTC,3/1/20,8523.33
BTC,3/2/20,8487.33
BTC,3/3/20,8927.45
BTC,3/4/20,8757.83
BTC,3/5/20,8759.99
BTC,3/6/20,9070.18
BTC,3/7/20,9158.51
BTC,3/8/20,8901.37
BTC,3/9/20,8037.73
BTC,3/10/20,7934.56
BTC,3/11/20,7894.68
BTC,3/12/20,7969.45
BTC,3/13/20,4857.10
BTC,3/14/20,5630.93
BTC,3/15/20,5161.16
BTC,3/16/20,5350.30
BTC,3/17/20,5039.95
BTC,3/18/20,5331.71
BTC,3/19/20,5413.88
BTC,3/20/20,6183.82
BTC,3/21/20,6210.47
BTC,3/22/20,6198.64
BTC,3/23/20,5678.20
BTC,3/24/20,6493.58
BTC,3/25/20,6766.00
BTC,3/26/20,6691.71
BTC,3/27/20,6760.00
BTC,3/28/20,6372.36
BTC,3/29/20,6279.96
BTC,3/30/20,5853.00
BTC,3/31/20,6406.40
BTC,4/1/20,6424.02
BTC,4/2/20,6666.11
BTC,4/3/20,6804.24
BTC,4/4/20,6741.99
BTC,4/5/20,6925.00
BTC,4/6/20,6773.28
BTC,4/7/20,7341.55
BTC,4/8/20,7200.01
BTC,4/9/20,7370.38
BTC,4/10/20,7293.23
BTC,4/11/20,6871.83
BTC,4/12/20,6889.78
BTC,4/13/20,6908.13
BTC,4/14/20,6860.51
BTC,4/15/20,6876.92
BTC,4/16/20,6623.62
BTC,4/17/20,7114.76
BTC,4/18/20,7021.00
BTC,4/19/20,7275.00
BTC,4/20/20,7130.70
BTC,4/21/20,6837.22
BTC,4/22/20,6853.67
BTC,4/23/20,7136.81
BTC,4/24/20,7491.50
BTC,4/25/20,7514.99
BTC,4/26/20,7547.61
BTC,4/27/20,7706.40
BTC,4/28/20,7794.74
BTC,4/29/20,7757.18
BTC,4/30/20,8794.99
BTC,5/1/20,8622.72
BTC,5/2/20,8829.42
BTC,5/3/20,8984.69
BTC,5/4/20,8907.85
BTC,5/5/20,8887.81
BTC,5/6/20,9028.78
BTC,5/7/20,9028.89
BTC,5/8/20,10000.37
BTC,5/9/20,9810.01
BTC,5/10/20,9559.98
BTC,5/11/20,8729.86
BTC,5/12/20,8534.85
BTC,5/13/20,8803.97
BTC,5/14/20,9320.85
BTC,5/15/20,9849.00
BTC,5/16/20,9312.10
BTC,5/17/20,9325.81
BTC,5/18/20,9677.45
BTC,5/19/20,9728.52
BTC,5/20/20,9783.57
BTC,5/21/20,9509.40
BTC,5/22/20,9059.32
BTC,5/23/20,9168.84
BTC,5/24/20,9181.09
BTC,5/25/20,8632.93
BTC,5/26/20,8900.00
BTC,5/27/20,8844.41
BTC,5/28/20,9208.53
BTC,5/29/20,9609.02
BTC,5/30/20,9423.85
BTC,5/31/20,9705.60
BTC,6/1/20,9417.42
BTC,6/2/20,10237.60
BTC,6/3/20,9521.53
BTC,6/4/20,9668.06
BTC,6/5/20,9791.96
BTC,6/6/20,9613.42
BTC,6/7/20,9670.28
BTC,6/8/20,9750.12
BTC,6/9/20,9781.51
BTC,6/10/20,9779.70
BTC,6/11/20,9894.35
BTC,6/12/20,9227.00
BTC,6/13/20,9464.71
BTC,6/14/20,9481.00
BTC,6/15/20,9328.63
BTC,6/16/20,9432.57
BTC,6/17/20,9526.25
BTC,6/18/20,9457.51
BTC,6/19/20,9376.14
BTC,6/20/20,9300.42
BTC,6/21/20,9355.74
BTC,6/22/20,9267.58
BTC,6/23/20,9690.67
BTC,6/24/20,9623.56
BTC,6/25/20,9285.94
BTC,6/26/20,9242.98
BTC,6/27/20,9155.42
BTC,6/28/20,9002.38
BTC,6/29/20,9113.23
BTC,6/30/20,9188.79
BTC,7/1/20,9135.91
BTC,7/2/20,9239.41
BTC,7/3/20,9091.98
BTC,7/4/20,9059.73
BTC,7/5/20,9138.51
BTC,7/6/20,9074.37
BTC,7/7/20,9343.31
BTC,7/8/20,9253.94
BTC,7/9/20,9446.62
BTC,7/10/20,9236.95
BTC,7/11/20,9303.04
BTC,7/12/20,9235.00
BTC,7/13/20,9303.38
BTC,7/14/20,9236.91
BTC,7/15/20,9256.94
BTC,7/16/20,9190.80
BTC,7/17/20,9130.93
BTC,7/18/20,9154.29
BTC,7/19/20,9175.83
BTC,7/20/20,9223.51
BTC,7/21/20,9161.05
BTC,7/22/20,9394.14
BTC,7/23/20,9536.20
BTC,7/24/20,9613.24
BTC,7/25/20,9551.21
BTC,7/26/20,9711.79
BTC,7/27/20,9941.00
BTC,7/28/20,11048.05
BTC,7/29/20,10934.22
BTC,7/30/20,11108.16
BTC,7/31/20,11115.99
BTC,8/1/20,11351.61
BTC,8/2/20,11810.07
BTC,8/3/20,10911.74
BTC,8/4/20,11233.16
BTC,8/5/20,11197.05
BTC,8/6/20,11756.75
BTC,8/7/20,11773.89
BTC,8/8/20,11606.52
BTC,8/9/20,11773.24
BTC,8/10/20,11688.25
BTC,8/11/20,11899.87
BTC,8/12/20,11388.88
BTC,8/13/20,11566.44
BTC,8/14/20,11795.95
BTC,8/15/20,11777.50
BTC,8/16/20,11860.02
BTC,8/17/20,11918.84
BTC,8/18/20,12303.98
BTC,8/19/20,11954.22
BTC,8/20/20,11758.87
BTC,8/21/20,11864.26
BTC,8/22/20,11529.99
BTC,8/23/20,11672.92
BTC,8/24/20,11650.01
BTC,8/25/20,11753.26
BTC,8/26/20,11324.92
BTC,8/27/20,11463.27
BTC,8/28/20,11330.56
BTC,8/29/20,11535.00
BTC,8/30/20,11463.87
BTC,8/31/20,11716.00
BTC,9/1/20,11655.00
BTC,9/2/20,11924.22
BTC,9/3/20,11395.49
BTC,9/4/20,10172.13
BTC,9/5/20,10511.81
BTC,9/6/20,10169.58
BTC,9/7/20,10258.67
BTC,9/8/20,10375.00
BTC,9/9/20,10126.41
BTC,9/10/20,10216.41
BTC,9/11/20,10344.24
BTC,9/12/20,10394.41
BTC,9/13/20,10446.52
BTC,9/14/20,10336.76
BTC,9/15/20,10678.41
BTC,9/16/20,10783.36
BTC,9/17/20,10957.06
BTC,9/18/20,10943.99
BTC,9/19/20,10937.50
BTC,9/20/20,11081.37
BTC,9/21/20,10920.94
BTC,9/22/20,10355.00
BTC,9/23/20,10531.13
BTC,9/24/20,10237.41
BTC,9/25/20,10740.00
BTC,9/26/20,10690.53
BTC,9/27/20,10730.00
BTC,9/28/20,10779.00
BTC,9/29/20,10694.90
BTC,9/30/20,10847.00
BTC,10/1/20,10779.63
BTC,10/2/20,10616.35
BTC,10/3/20,10573.12
BTC,10/4/20,10550.32
BTC,10/5/20,10670.01
BTC,10/6/20,10800.00
BTC,10/7/20,10601.20
BTC,10/8/20,10670.47
BTC,10/9/20,10932.44
BTC,10/10/20,11055.75
BTC,10/11/20,11299.52
BTC,10/12/20,11374.01
BTC,10/13/20,11535.46
BTC,10/14/20,11428.22
BTC,10/15/20,11427.70
BTC,10/16/20,11509.31
BTC,10/17/20,11328.27
BTC,10/18/20,11367.90
BTC,10/19/20,11514.20
BTC,10/20/20,11760.45
BTC,10/21/20,11900.01
BTC,10/22/20,12808.01
BTC,10/23/20,12988.20
BTC,10/24/20,12938.00
BTC,10/25/20,13126.34
BTC,10/26/20,13045.02
BTC,10/27/20,13061.28
BTC,10/28/20,13740.85
BTC,10/29/20,13281.06
BTC,10/30/20,13460.00
BTC,10/31/20,13571.51
BTC,11/1/20,13803.69
BTC,11/2/20,13771.70
BTC,11/3/20,13563.22
BTC,11/4/20,14034.35
BTC,11/5/20,14165.86
BTC,11/6/20,15608.06
BTC,11/7/20,15599.95
BTC,11/8/20,14834.09
BTC,11/9/20,15482.89
BTC,11/10/20,15342.10
BTC,11/11/20,15315.46
BTC,11/12/20,15705.79
BTC,11/13/20,16310.81
BTC,11/14/20,16339.60
BTC,11/15/20,16082.01
BTC,11/16/20,15970.00
BTC,11/17/20,16726.49
BTC,11/18/20,17679.86
BTC,11/19/20,17790.18
BTC,11/20/20,17821.92
BTC,11/21/20,18677.84
BTC,11/22/20,18721.21
BTC,11/23/20,18437.18
BTC,11/24/20,18384.82
BTC,11/25/20,19172.90
BTC,11/26/20,18717.24
BTC,11/27/20,17169.99
BTC,11/28/20,17155.43
BTC,11/29/20,17736.10
BTC,11/30/20,18201.47
BTC,12/1/20,19713.94
BTC,12/2/20,18778.18
BTC,12/3/20,19222.45
BTC,12/4/20,19446.43
BTC,12/5/20,18658.09
BTC,12/6/20,19158.96
BTC,12/7/20,19432.57
BTC,12/8/20,19177.08
BTC,12/9/20,18316.22
BTC,12/10/20,18556.42
BTC,12/11/20,18293.08
BTC,12/12/20,18023.57
BTC,12/13/20,18821.28
BTC,12/14/20,19166.65
BTC,12/15/20,19272.37
BTC,12/16/20,19443.19
BTC,12/17/20,21360.50
BTC,12/18/20,22826.37
BTC,12/19/20,23138.89
BTC,12/20/20,23850.00
BTC,12/21/20,23476.51
BTC,12/22/20,22729.40
BTC,12/23/20,23824.13
BTC,12/24/20,23226.18
BTC,12/25/20,23718.61
BTC,12/26/20,24704.71
BTC,12/27/20,26482.64
BTC,12/28/20,26086.19
BTC,12/29/20,27039.39
BTC,12/30/20,27366.35
BTC,12/31/20,28897.42
BTC,1/1/21,28990.08
BTC,1/2/21,29413.29
BTC,1/3/21,32222.88
BTC,1/4/21,33082.84
BTC,1/5/21,32020.22
BTC,1/6/21,34043.91
BTC,1/7/21,36859.26
BTC,1/8/21,39510.55
BTC,1/9/21,40642.15
BTC,1/10/21,40257.43
BTC,1/11/21,38273.88
BTC,1/12/21,35456.89
BTC,1/13/21,34035.53
BTC,1/14/21,37393.67
BTC,1/15/21,39123.05
BTC,1/16/21,36754.60
BTC,1/17/21,36004.80
BTC,1/18/21,35820.01
BTC,1/19/21,36624.23
BTC,1/20/21,35921.91
BTC,1/21/21,35628.24
BTC,1/22/21,30855.90
BTC,1/23/21,32982.66
BTC,1/24/21,32110.00
BTC,1/25/21,32293.18
BTC,1/26/21,32260.52
BTC,1/27/21,32584.62
BTC,1/28/21,30414.11
BTC,1/29/21,33487.92
BTC,1/30/21,34262.11
BTC,1/31/21,34315.63
BTC,2/1/21,33137.75
BTC,2/2/21,33450.00
BTC,2/3/21,35513.00
BTC,2/4/21,37688.42
BTC,2/5/21,36976.59
BTC,2/6/21,38250.00
BTC,2/7/21,39266.10
BTC,2/8/21,38871.43
BTC,2/9/21,46453.66
BTC,2/10/21,46514.73
BTC,2/11/21,44850.00
BTC,2/12/21,47993.60
BTC,2/13/21,47408.34
BTC,2/14/21,47240.75
BTC,2/15/21,48667.23
BTC,2/16/21,47935.66
BTC,2/17/21,49141.43
BTC,2/18/21,52170.01
BTC,2/19/21,51596.00
BTC,2/20/21,55983.57
BTC,2/21/21,55921.44
BTC,2/22/21,57577.69
BTC,2/23/21,54206.22
BTC,2/24/21,48899.99
BTC,2/25/21,49737.81
BTC,2/26/21,47063.90
BTC,2/27/21,46319.79
BTC,2/28/21,46169.92
BTC,3/1/21,45231.74
BTC,3/2/21,49635.30
BTC,3/3/21,48502.18
BTC,3/4/21,50370.33
BTC,3/5/21,48370.97
BTC,3/6/21,48766.01
BTC,3/7/21,48909.83
BTC,3/8/21,50976.22
BTC,3/9/21,52413.17
BTC,3/10/21,54921.61
BTC,3/11/21,55888.70
BTC,3/12/21,58065.92
BTC,3/13/21,57220.84
BTC,3/14/21,61181.38
BTC,3/15/21,58972.71
BTC,3/16/21,55629.08
BTC,3/17/21,56924.26
BTC,3/18/21,58925.54
BTC,3/19/21,57644.95
BTC,3/20/21,58026.91
BTC,3/21/21,58126.34
BTC,3/22/21,57377.29
BTC,3/23/21,54111.49
BTC,3/24/21,54333.27
BTC,3/25/21,52259.69
BTC,3/26/21,51250.00
BTC,3/27/21,55080.90
BTC,3/28/21,55856.54
BTC,3/29/21,55781.22
BTC,3/30/21,57613.76
BTC,3/31/21,58786.46
BTC,4/1/21,58800.01
BTC,4/2/21,58726.47
BTC,4/3/21,58981.04
BTC,4/4/21,57094.34
BTC,4/5/21,58216.73
BTC,4/6/21,59134.07
BTC,4/7/21,58021.67
BTC,4/8/21,55962.67
BTC,4/9/21,58083.10
BTC,4/10/21,58092.68
BTC,4/11/21,59778.59
BTC,4/12/21,59983.66
BTC,4/13/21,59799.01
BTC,4/14/21,63588.22
BTC,4/15/21,62971.80
BTC,4/16/21,63229.04
BTC,4/17/21,61427.27
BTC,4/18/21,60067.20
BTC,4/19/21,56273.65
BTC,4/20/21,55696.83
BTC,4/21/21,56477.67
BTC,4/22/21,53795.62
BTC,4/23/21,51695.98
BTC,4/24/21,51260.61
BTC,4/25/21,50101.42
BTC,4/26/21,48817.62
BTC,4/27/21,54047.80
BTC,4/28/21,55069.61
BTC,4/29/21,54889.81
BTC,4/30/21,53580.00
BTC,5/1/21,57798.77
BTC,5/2/21,57972.26
BTC,5/3/21,56625.21
BTC,5/4/21,57247.24
BTC,5/5/21,52913.02
BTC,5/6/21,57515.69
BTC,5/7/21,56444.82
BTC,5/8/21,57380.39
BTC,5/9/21,58958.06
BTC,5/10/21,58313.84
BTC,5/11/21,55866.38
BTC,5/12/21,56753.19
BTC,5/13/21,46000.00
BTC,5/14/21,49682.28
BTC,5/15/21,49893.48
BTC,5/16/21,46771.01
BTC,5/17/21,46646.15
BTC,5/18/21,43571.89
BTC,5/19/21,42865.05
BTC,5/20/21,36735.44
BTC,5/21/21,40623.24
BTC,5/22/21,37333.09
BTC,5/23/21,37476.84
BTC,5/24/21,34758.88
BTC,5/25/21,38874.53
BTC,5/26/21,38361.81
BTC,5/27/21,39293.23
BTC,5/28/21,38556.88
BTC,5/29/21,35680.48
BTC,5/30/21,34627.81
BTC,5/31/21,35669.44
BTC,6/1/21,37276.23
BTC,6/2/21,36684.99
BTC,6/3/21,37581.83
BTC,6/4/21,39291.24
BTC,6/5/21,36856.53
BTC,6/6/21,35539.97
BTC,6/7/21,35800.48
BTC,6/8/21,33567.26
BTC,6/9/21,33402.13
BTC,6/10/21,37404.75
BTC,6/11/21,36694.91
BTC,6/12/21,37340.08
BTC,6/13/21,35557.32
BTC,6/14/21,39159.62
BTC,6/15/21,40537.93
BTC,6/16/21,40158.06
BTC,6/17/21,38351.00
BTC,6/18/21,38103.94
BTC,6/19/21,35840.96
BTC,6/20/21,35484.80
BTC,6/21/21,35741.54
BTC,6/22/21,31609.82
BTC,6/23/21,32538.90
BTC,6/24/21,33688.51
BTC,6/25/21,34654.87
BTC,6/26/21,31594.62
BTC,6/27/21,32267.59
BTC,6/28/21,34708.53
BTC,6/29/21,34493.22
BTC,6/30/21,35906.17
BTC,7/1/21,35066.54
BTC,7/2/21,33510.93
BTC,7/3/21,33805.01
BTC,7/4/21,34685.03
BTC,7/5/21,35290.82
BTC,7/6/21,33697.78
BTC,7/7/21,34225.72
BTC,7/8/21,33934.62
BTC,7/9/21,32875.95
BTC,7/10/21,33824.25
BTC,7/11/21,33515.35
BTC,7/12/21,34259.22
BTC,7/13/21,33077.43
BTC,7/14/21,32734.14
BTC,7/15/21,32815.75
BTC,7/16/21,31872.49
BTC,7/17/21,31389.57
BTC,7/18/21,31533.90
BTC,7/19/21,31786.37
BTC,7/20/21,30842.04
BTC,7/21/21,29796.15
BTC,7/22/21,32152.68
BTC,7/23/21,32287.75
BTC,7/24/21,33647.27
BTC,7/25/21,34291.67
BTC,7/26/21,35251.54
BTC,7/27/21,37262.76
BTC,7/28/21,39475.99
BTC,7/29/21,40035.10
BTC,7/30/21,40039.44
BTC,7/31/21,42414.61
BTC,8/1/21,41499.00
BTC,8/2/21,39859.18
BTC,8/3/21,39149.59
BTC,8/4/21,38189.40
BTC,8/5/21,39718.90
BTC,8/6/21,40888.73
BTC,8/7/21,42869.59
BTC,8/8/21,44628.11
BTC,8/9/21,43829.15
BTC,8/10/21,46280.00
BTC,8/11/21,45601.82
BTC,8/12/21,45553.10
BTC,8/13/21,44422.15
BTC,8/14/21,47833.64
BTC,8/15/21,47109.64
BTC,8/16/21,47014.38
BTC,8/17/21,45903.22
BTC,8/18/21,44675.34
BTC,8/19/21,44709.10
BTC,8/20/21,46769.02
BTC,8/21/21,49349.99
BTC,8/22/21,48870.21
BTC,8/23/21,49284.38
BTC,8/24/21,49504.53
BTC,8/25/21,47682.45
BTC,8/26/21,48991.57
BTC,8/27/21,46851.47
BTC,8/28/21,49081.08
BTC,8/29/21,48942.89
BTC,8/30/21,48802.58
BTC,8/31/21,46996.80
BTC,9/1/21,47110.33
BTC,9/2/21,48834.27
BTC,9/3/21,49279.38
BTC,9/4/21,50025.00
BTC,9/5/21,49944.89
BTC,9/6/21,51789.17
BTC,9/7/21,52698.80
BTC,9/8/21,46894.49
BTC,9/9/21,46059.94
BTC,9/10/21,46396.26
BTC,9/11/21,44730.29
BTC,9/12/21,45173.66
BTC,9/13/21,46027.80
BTC,9/14/21,44953.23
BTC,9/15/21,47127.81
BTC,9/16/21,48144.03
BTC,9/17/21,47753.15
BTC,9/18/21,47306.87
BTC,9/19/21,48379.19
BTC,9/20/21,47358.92
BTC,9/21/21,43007.69
BTC,9/22/21,40736.81
BTC,9/23/21,43575.19
BTC,9/24/21,44896.55
BTC,9/25/21,42848.44
BTC,9/26/21,42705.51
BTC,9/27/21,43172.17
BTC,9/28/21,42166.31
BTC,9/29/21,41030.19
BTC,9/30/21,41519.11
BTC,10/1/21,43828.89
BTC,10/2/21,48165.76
BTC,10/3/21,47663.74
BTC,10/4/21,48233.99
BTC,10/5/21,49244.13
BTC,10/6/21,51499.77
BTC,10/7/21,55356.85
BTC,10/8/21,53805.46
BTC,10/9/21,53965.18
BTC,10/10/21,54963.29
BTC,10/11/21,54411.54
BTC,10/12/21,57485.97
BTC,10/13/21,56005.10
BTC,10/14/21,57367.32
BTC,10/15/21,57359.51
BTC,10/16/21,61690.32
BTC,10/17/21,60867.05
BTC,10/18/21,61530.07
BTC,10/19/21,62042.40
BTC,10/20/21,64303.14
BTC,10/21/21,66021.26
BTC,10/22/21,62204.01
BTC,10/23/21,60682.88
BTC,10/24/21,61300.02
BTC,10/25/21,60847.91
BTC,10/26/21,63081.96
BTC,10/27/21,60333.19
BTC,10/28/21,58462.73
BTC,10/29/21,60591.63
BTC,10/30/21,62379.20
BTC,10/31/21,61896.38
BTC,11/1/21,61346.17
BTC,11/2/21,60956.40
BTC,11/3/21,63266.50
BTC,11/4/21,62935.40
BTC,11/5/21,61444.49
BTC,11/6/21,61006.14
BTC,11/7/21,61539.30
BTC,11/8/21,63309.12
BTC,11/9/21,67554.13
BTC,11/10/21,66933.06
BTC,11/11/21,64912.20
BTC,11/12/21,64807.73
BTC,11/13/21,64144.42
BTC,11/14/21,64400.01
BTC,11/15/21,65505.03
BTC,11/16/21,63624.60
BTC,11/17/21,60101.56
BTC,11/18/21,60351.51
BTC,11/19/21,56898.46
BTC,11/20/21,58122.15
BTC,11/21/21,59760.76
BTC,11/22/21,58671.22
BTC,11/23/21,56280.81
BTC,11/24/21,57607.97
BTC,11/25/21,57158.58
BTC,11/26/21,58994.72
BTC,11/27/21,53757.67
BTC,11/28/21,54759.04
BTC,11/29/21,57318.51
BTC,11/30/21,57838.06
BTC,12/1/21,56998.35
BTC,12/2/21,57226.51
BTC,12/3/21,56521.45
BTC,12/4/21,53633.02
BTC,12/5/21,49235.26
BTC,12/6/21,49484.21
BTC,12/7/21,50529.56
BTC,12/8/21,50625.24
BTC,12/9/21,50520.94
BTC,12/10/21,47568.43
BTC,12/11/21,47170.94
BTC,12/12/21,49424.47
BTC,12/13/21,50089.64
BTC,12/14/21,46300.00
BTC,12/15/21,48359.23
BTC,12/16/21,48878.83
BTC,12/17/21,47634.20
BTC,12/18/21,46159.87
BTC,12/19/21,46857.49
BTC,12/20/21,46687.20
BTC,12/21/21,46926.07
BTC,12/22/21,48914.70
BTC,12/23/21,48608.61
BTC,12/24/21,50842.06
BTC,12/25/21,50852.31
BTC,12/26/21,50428.31
BTC,12/27/21,50804.33
BTC,12/28/21,50720.35
BTC,12/29/21,47542.20
BTC,12/30/21,46471.24
BTC,12/31/21,47122.09
BTC,1/1/22,46205.00
BTC,1/2/22,47733.43
BTC,1/3/22,47299.06
BTC,1/4/22,46459.57
BTC,1/5/22,45817.13
BTC,1/6/22,43446.34
BTC,1/7/22,43144.72
BTC,1/8/22,41564.57
BTC,1/9/22,41684.84
BTC,1/10/22,41876.52
BTC,1/11/22,41824.06
BTC,1/12/22,42749.84
BTC,1/13/22,43921.21
BTC,1/14/22,42576.27
BTC,1/15/22,43090.72
BTC,1/16/22,43098.20
BTC,1/17/22,43104.34
BTC,1/18/22,42214.66
BTC,1/19/22,42372.15
BTC,1/20/22,41672.14
BTC,1/21/22,40671.77
BTC,1/22/22,36835.93
BTC,1/23/22,35075.70
BTC,1/24/22,36275.28
BTC,1/25/22,36687.58
BTC,1/26/22,36980.00
BTC,1/27/22,36846.22
BTC,1/28/22,37188.37
BTC,1/29/22,37741.90
BTC,1/30/22,38189.82
BTC,1/31/22,37904.99
BTC,2/1/22,38492.53
BTC,2/2/22,38714.27
BTC,2/3/22,36923.39
BTC,2/4/22,37324.61
BTC,2/5/22,41613.75
BTC,2/6/22,41411.59
BTC,2/7/22,42416.06
BTC,2/8/22,43868.08
BTC,2/9/22,44087.58
BTC,2/10/22,44416.39
BTC,2/11/22,43521.88
BTC,2/12/22,42386.47
BTC,2/13/22,42244.91
BTC,2/14/22,42073.37
BTC,2/15/22,42548.71
BTC,2/16/22,44585.69
BTC,2/17/22,43895.55
BTC,2/18/22,40537.94
BTC,2/19/22,39993.64
BTC,2/20/22,40146.07
BTC,2/21/22,38395.99
BTC,2/22/22,37022.11
BTC,2/23/22,38251.67
BTC,2/24/22,37268.18
BTC,2/25/22,38347.30
BTC,2/26/22,39242.71
BTC,2/27/22,39146.97
BTC,2/28/22,37716.57
BTC,3/1/22,43189.61
BTC,3/2/22,44440.00
BTC,3/3/22,43916.47
BTC,3/4/22,42524.87
BTC,3/5/22,39166.50
BTC,3/6/22,39407.87
BTC,3/7/22,38406.82
BTC,3/8/22,37991.05
BTC,3/9/22,38749.16
BTC,3/10/22,41949.28
BTC,3/11/22,39431.40
BTC,3/12/22,38654.02
BTC,3/13/22,38815.56
BTC,3/14/22,37793.40
BTC,3/15/22,39678.51
BTC,3/16/22,39298.11
BTC,3/17/22,41127.96
BTC,3/18/22,40950.23
BTC,3/19/22,41781.37
BTC,3/20/22,42232.05
BTC,3/21/22,41287.24
BTC,3/22/22,41017.70
BTC,3/23/22,42376.03
BTC,3/24/22,42899.71
BTC,3/25/22,44012.36
BTC,3/26/22,44336.19
BTC,3/27/22,44538.21
BTC,3/28/22,46850.01
BTC,3/29/22,47146.92
BTC,3/30/22,47448.41
BTC,3/31/22,47078.02
BTC,4/1/22,45525.25
BTC,4/2/22,46296.36
BTC,4/3/22,45826.24
BTC,4/4/22,46420.08
BTC,4/5/22,46594.39
BTC,4/6/22,45523.25
BTC,4/7/22,43166.71
BTC,4/8/22,43444.71
BTC,4/9/22,42261.90
BTC,4/10/22,42766.46
BTC,4/11/22,42165.96
BTC,4/12/22,39535.88
BTC,4/13/22,40086.70
BTC,4/14/22,41147.15
BTC,4/15/22,39953.62
BTC,4/16/22,40554.60
BTC,4/17/22,40387.60
BTC,4/18/22,39681.11
BTC,4/19/22,40810.87
BTC,4/20/22,41501.56
BTC,4/21/22,41371.88
BTC,4/22/22,40483.38
BTC,4/23/22,39712.20
BTC,4/24/22,39459.63
BTC,4/25/22,39463.75
BTC,4/26/22,40440.90
BTC,4/27/22,38118.43
BTC,4/28/22,39251.02
BTC,4/29/22,39741.21
BTC,4/30/22,38592.27
BTC,5/1/22,37640.35
BTC,5/2/22,38469.49
BTC,5/3/22,38510.88
BTC,5/4/22,37651.38
BTC,5/5/22,39669.56
BTC,5/6/22,36537.22
BTC,5/7/22,35999.10
BTC,5/8/22,35458.00
BTC,5/9/22,34033.49
BTC,5/10/22,30078.27
BTC,5/11/22,31002.39
BTC,5/12/22,28977.75
BTC,5/13/22,28941.95
BTC,5/14/22,29234.73
BTC,5/15/22,30041.90
BTC,5/16/22,31293.31
BTC,5/17/22,29839.89
BTC,5/18/22,30412.10
BTC,5/19/22,28645.20
BTC,5/20/22,30274.59
BTC,5/21/22,29155.74
BTC,5/22/22,29407.40
BTC,5/23/22,30258.04
BTC,5/24/22,29079.31
BTC,5/25/22,29627.61
BTC,5/26/22,29503.48
BTC,5/27/22,29166.06
BTC,5/28/22,28598.31
BTC,5/29/22,29008.99
BTC,5/30/22,29447.08
BTC,5/31/22,31716.67
BTC,6/1/22,31784.18
BTC,6/2/22,29789.19
BTC,6/3/22,30429.12
BTC,6/4/22,29672.77
BTC,6/5/22,29837.56
BTC,6/6/22,29866.44
BTC,6/7/22,31349.59
BTC,6/8/22,31111.00
BTC,6/9/22,30182.92
BTC,6/10/22,30079.59
BTC,6/11/22,29058.79
BTC,6/12/22,28395.03
BTC,6/13/22,26555.17
BTC,6/14/22,22460.97
BTC,6/15/22,22120.23
BTC,6/16/22,22562.33
BTC,6/17/22,20371.96
BTC,6/18/22,20447.86
BTC,6/19/22,18944.66
BTC,6/20/22,20552.39
BTC,6/21/22,20547.68
BTC,6/22/22,20699.63
BTC,6/23/22,19869.41
BTC,6/24/22,21104.45
BTC,6/25/22,21221.13
BTC,6/26/22,21474.14
BTC,6/27/22,21024.85
BTC,6/28/22,20722.95
BTC,6/29/22,20253.50
BTC,6/30/22,20098.00
BTC,7/1/22,19985.62
BTC,7/2/22,19252.76
BTC,7/3/22,19225.54
BTC,7/4/22,19291.35
BTC,7/5/22,20212.42
BTC,7/6/22,20153.74
BTC,7/7/22,20542.66
BTC,7/8/22,21618.04
BTC,7/9/22,21582.28
BTC,7/10/22,21595.75
BTC,7/11/22,20854.32
BTC,7/12/22,19942.44
BTC,7/13/22,19304.71
BTC,7/14/22,20219.69
BTC,7/15/22,20574.96
BTC,7/16/22,20823.06
BTC,7/17/22,21189.23
BTC,7/18/22,20755.95
BTC,7/19/22,22434.97
BTC,7/20/22,23398.46
BTC,7/21/22,23225.24
BTC,7/22/22,23152.76
BTC,7/23/22,22688.85
BTC,7/24/22,22451.36
BTC,7/25/22,22583.37
BTC,7/26/22,21344.43
BTC,7/27/22,21260.22
BTC,7/28/22,22960.74
BTC,7/29/22,23851.66
BTC,7/30/22,23787.84
BTC,7/31/22,23648.15
BTC,8/1/22,23307.44
BTC,8/2/22,23273.85
BTC,8/3/22,22994.78
BTC,8/4/22,22824.88
BTC,8/5/22,22589.83
BTC,8/6/22,23320.71
BTC,8/7/22,22960.86
BTC,8/8/22,23158.32
BTC,8/9/22,23815.68
BTC,8/10/22,23158.32
BTC,8/11/22,23959.30
BTC,8/12/22,23944.85
BTC,8/13/22,24415.08
BTC,8/14/22,24456.17
BTC,8/15/22,24316.58
BTC,8/16/22,24099.70
BTC,8/17/22,23857.89
BTC,8/18/22,23344.42
BTC,8/19/22,23206.76
BTC,8/20/22,20834.94
BTC,8/21/22,21139.22
BTC,8/22/22,21514.45
BTC,8/23/22,21396.37
BTC,8/24/22,21526.74
BTC,8/25/22,21367.12
BTC,8/26/22,21561.49
BTC,8/27/22,20240.63
BTC,8/28/22,20035.30
BTC,8/29/22,19545.57
BTC,8/30/22,20286.95
BTC,8/31/22,19799.97
BTC,9/1/22,20048.27
BTC,9/2/22,20132.67
BTC,9/3/22,19953.40
BTC,9/4/22,19833.59
BTC,9/5/22,20060.00
BTC,9/6/22,19794.59
BTC,9/7/22,18790.77
BTC,9/8/22,19293.03
BTC,9/9/22,19322.56
BTC,9/10/22,21366.61
BTC,9/11/22,21656.03
BTC,9/12/22,21830.16
BTC,9/13/22,22402.58
BTC,9/14/22,20174.78
BTC,9/15/22,20227.70
BTC,9/16/22,19703.65
BTC,9/17/22,19800.26
BTC,9/18/22,20119.08
BTC,9/19/22,19417.56
BTC,9/20/22,19538.31
BTC,9/21/22,18876.14
BTC,9/22/22,18462.66
BTC,9/23/22,19399.93
BTC,9/24/22,19311.40
BTC,9/25/22,18920.93
BTC,9/26/22,18806.30
BTC,9/27/22,19226.94
BTC,9/28/22,19077.56
BTC,9/29/22,19412.37
BTC,9/30/22,19595.59
BTC,10/1/22,19423.57
BTC,10/2/22,19315.26
BTC,10/3/22,19059.10
BTC,10/4/22,19632.43
BTC,10/5/22,20371.15
BTC,10/6/22,20162.15
BTC,10/7/22,19963.75
BTC,10/8/22,19531.68
BTC,10/9/22,19421.49
BTC,10/10/22,19442.70
BTC,10/11/22,19130.80
BTC,10/12/22,19058.42
BTC,10/13/22,19153.97
BTC,10/14/22,19375.55
BTC,10/15/22,19179.15
BTC,10/16/22,19065.23
BTC,10/17/22,19261.62
BTC,10/18/22,19550.39
BTC,10/19/22,19328.75
BTC,10/20/22,19123.77
BTC,10/21/22,19043.66
BTC,10/22/22,19164.92
BTC,10/23/22,19209.09
BTC,10/24/22,19603.57
BTC,10/25/22,19332.11
BTC,10/26/22,20086.27
BTC,10/27/22,20773.59
BTC,10/28/22,20295.77
BTC,10/29/22,20597.34
BTC,10/30/22,20822.38
BTC,10/31/22,20629.21
BTC,11/1/22,20489.55
BTC,11/2/22,20480.34
BTC,11/3/22,20151.29
BTC,11/4/22,20208.02
BTC,11/5/22,21149.03
BTC,11/6/22,21300.45
BTC,11/7/22,20908.15
BTC,11/8/22,20593.34
BTC,11/9/22,18546.07
BTC,11/10/22,15720.00
BTC,11/11/22,17555.44
BTC,11/12/22,17067.70
BTC,11/13/22,16783.32
BTC,11/14/22,16298.75
BTC,11/15/22,16588.41
BTC,11/16/22,16879.37
BTC,11/17/22,16646.58
BTC,11/18/22,16680.47
BTC,11/19/22,16678.85
BTC,11/20/22,16680.70
BTC,11/21/22,16252.43
BTC,11/22/22,15758.96
BTC,11/23/22,16201.15
BTC,11/24/22,16585.83
BTC,11/25/22,16587.60
BTC,11/26/22,16510.90
BTC,11/27/22,16450.32
BTC,11/28/22,16421.63
BTC,11/29/22,16206.23
BTC,11/30/22,16437.94
BTC,12/1/22,17165.44
BTC,12/2/22,16980.07
BTC,12/3/22,17158.42
BTC,12/4/22,16882.86
BTC,12/5/22,17108.90
BTC,12/6/22,16966.05
BTC,12/7/22,17089.18
BTC,12/8/22,16839.76
BTC,12/9/22,17226.03
BTC,12/10/22,17130.49
BTC,12/11/22,17128.10
BTC,12/12/22,17085.62
BTC,12/13/22,17212.90
BTC,12/14/22,17772.98
BTC,12/15/22,17805.36
BTC,12/16/22,17359.10
BTC,12/17/22,16634.29
BTC,12/18/22,16782.23
BTC,12/19/22,16742.33
BTC,12/20/22,16439.98
BTC,12/21/22,16896.17
BTC,12/22/22,16825.18
BTC,12/23/22,16815.28
BTC,12/24/22,16775.88
BTC,12/25/22,16837.24
BTC,12/26/22,16829.19
BTC,12/27/22,16967.00
BTC,12/28/22,16698.31
BTC,12/29/22,16539.66
BTC,12/30/22,16627.36
BTC,12/31/22,16599.98
BTC,1/1/23,16531.83
BTC,1/2/23,16611.90
BTC,1/3/23,16666.86
BTC,1/4/23,16668.95
BTC,1/5/23,16844.40
BTC,1/6/23,16825.53
BTC,1/7/23,16948.00
BTC,1/8/23,16942.37
BTC,1/9/23,17125.17
BTC,1/10/23,17177.94
BTC,1/11/23,17443.50
BTC,1/12/23,17904.83
BTC,1/13/23,18847.77
BTC,1/14/23,19893.25
BTC,1/15/23,20956.20
BTC,1/16/23,20879.67
BTC,1/17/23,21191.46
BTC,1/18/23,21135.01
BTC,1/19/23,20656.52
BTC,1/20/23,21084.05
BTC,1/21/23,22671.09
BTC,1/22/23,22789.34
BTC,1/23/23,22714.81
BTC,1/24/23,22920.67
BTC,1/25/23,22636.19
BTC,1/26/23,23062.36
BTC,1/27/23,23011.37
BTC,1/28/23,23084.38
BTC,1/29/23,23029.56
BTC,1/30/23,23744.34
BTC,1/31/23,22836.03
BTC,2/1/23,23127.15
BTC,2/2/23,23735.97
BTC,2/3/23,23497.29
BTC,2/4/23,23433.47
BTC,2/5/23,23329.47
BTC,2/6/23,22936.34
BTC,2/7/23,22748.11
BTC,2/8/23,23244.64
BTC,2/9/23,22963.91
BTC,2/10/23,21800.62
BTC,2/11/23,21628.97
BTC,2/12/23,21863.73
BTC,2/13/23,21789.79
BTC,2/14/23,21789.00
BTC,2/15/23,22206.26
BTC,2/16/23,24326.95
BTC,2/17/23,23344.12
BTC,2/18/23,24577.60
BTC,2/19/23,24635.85
BTC,2/20/23,24278.81
BTC,2/21/23,24844.21
BTC,2/22/23,24454.08
BTC,2/23/23,24184.90
BTC,2/24/23,23943.32
BTC,2/25/23,23186.88
BTC,2/26/23,23159.71
BTC,2/27/23,23556.83
BTC,2/28/23,23490.01
BTC,3/1/23,23144.37
BTC,3/2/23,23632.12
BTC,3/3/23,23477.28
BTC,3/4/23,22358.18
BTC,3/5/23,22349.74
BTC,3/6/23,22431.99
BTC,3/7/23,22410.13
BTC,3/8/23,22281.55
BTC,3/9/23,21699.41
BTC,3/10/23,20369.78
BTC,3/11/23,20230.07
BTC,3/12/23,20619.34
BTC,3/13/23,22216.02
BTC,3/14/23,24220.00
BTC,3/15/23,24761.61
BTC,3/16/23,24377.16
BTC,3/17/23,25052.11
BTC,3/18/23,27453.75
BTC,3/19/23,26980.35
BTC,3/20/23,28058.15
BTC,3/21/23,27822.85
BTC,3/22/23,28201.22
BTC,3/23/23,27324.05
BTC,3/24/23,28352.95
BTC,3/25/23,27489.24
BTC,3/26/23,27489.56
BTC,3/27/23,27995.27
BTC,3/28/23,27142.85
BTC,3/29/23,27274.18
BTC,3/30/23,28359.54
BTC,3/31/23,28034.88
BTC,4/1/23,28475.41
BTC,4/2/23,28471.03
BTC,4/3/23,28188.34
BTC,4/4/23,27809.55
BTC,4/5/23,28178.66
BTC,4/6/23,28175.27
BTC,4/7/23,28052.74
BTC,4/8/23,27930.12
BTC,4/9/23,27958.19
BTC,4/10/23,28342.28
BTC,4/11/23,29657.70
BTC,4/12/23,30227.18
BTC,4/13/23,29912.20
BTC,4/14/23,30410.03
BTC,4/15/23,30492.91
BTC,4/16/23,30325.07
BTC,4/17/23,30321.41
BTC,4/18/23,29449.91
BTC,4/19/23,30394.50
BTC,4/20/23,28809.71
BTC,4/21/23,28248.18
BTC,4/22/23,27252.96
BTC,4/23/23,27820.99
BTC,4/24/23,27592.70
BTC,4/25/23,27513.85
BTC,4/26/23,28304.42
BTC,4/27/23,28387.07
BTC,4/28/23,29486.97
BTC,4/29/23,29339.47
BTC,4/30/23,29249.24
BTC,5/1/23,29240.49
BTC,5/2/23,28077.44
BTC,5/3/23,28683.41
BTC,5/4/23,29039.36
BTC,5/5/23,28857.88
BTC,5/6/23,29538.87
BTC,5/7/23,28901.30
BTC,5/8/23,28472.68
BTC,5/9/23,27693.24
BTC,5/10/23,27647.29
BTC,5/11/23,27621.50
BTC,5/12/23,26986.79
BTC,5/13/23,26808.80
BTC,5/14/23,26786.99
BTC,5/15/23,26929.98
BTC,5/16/23,27165.26
BTC,5/17/23,27037.72
BTC,5/18/23,27407.76
BTC,5/19/23,26819.64
BTC,5/20/23,26890.27
BTC,5/21/23,27113.97
BTC,5/22/23,26751.00
BTC,5/23/23,26854.09
BTC,5/24/23,27222.86
BTC,5/25/23,26321.42
BTC,5/26/23,26479.15
BTC,5/27/23,26711.56
BTC,5/28/23,26870.13
BTC,5/29/23,28070.04
BTC,5/30/23,27744.81
BTC,5/31/23,27700.68
BTC,6/1/23,27221.54
BTC,6/2/23,26827.73
BTC,6/3/23,27252.67
BTC,6/4/23,27078.27
BTC,6/5/23,27122.03
BTC,6/6/23,25741.50
BTC,6/7/23,27243.45
BTC,6/8/23,26347.09
BTC,6/9/23,26505.71
BTC,6/10/23,26482.80
BTC,6/11/23,25856.10
BTC,6/12/23,25936.98
BTC,6/13/23,25905.99
BTC,6/14/23,25929.35
BTC,6/15/23,25123.41
BTC,6/16/23,25569.99
BTC,6/17/23,26329.60
BTC,6/18/23,26507.97
BTC,6/19/23,26336.46
BTC,6/20/23,26839.04
BTC,6/21/23,28271.67
BTC,6/22/23,29999.85
BTC,6/23/23,29886.25
BTC,6/24/23,30709.59
BTC,6/25/23,30547.30
BTC,6/26/23,30480.24
BTC,6/27/23,30272.24
BTC,6/28/23,30716.93
BTC,6/29/23,30074.93
BTC,6/30/23,30445.67
BTC,7/1/23,30466.73
BTC,7/2/23,30587.22
BTC,7/3/23,30613.57
BTC,7/4/23,31162.71
BTC,7/5/23,30772.93
BTC,7/6/23,30499.27
BTC,7/7/23,29715.87
BTC,7/8/23,30350.35
BTC,7/9/23,30291.69
BTC,7/10/23,30168.26
BTC,7/11/23,30419.89
BTC,7/12/23,30624.65
BTC,7/13/23,30383.26
BTC,7/14/23,31471.83
BTC,7/15/23,30330.93
BTC,7/16/23,30302.01
BTC,7/17/23,30247.56
BTC,7/18/23,30143.08
BTC,7/19/23,29861.92
BTC,7/20/23,29916.69
BTC,7/21/23,29809.13
BTC,7/22/23,29907.15
BTC,7/23/23,29793.62
BTC,7/24/23,30099.99
BTC,7/25/23,29176.98
BTC,7/26/23,29225.11
BTC,7/27/23,29350.88
BTC,7/28/23,29214.93
BTC,7/29/23,29316.05
BTC,7/30/23,29356.65
BTC,7/31/23,29280.41
BTC,8/1/23,29230.61
BTC,8/2/23,29699.25
BTC,8/3/23,29163.87
BTC,8/4/23,29174.84
BTC,8/5/23,29077.04
BTC,8/6/23,29047.33
BTC,8/7/23,29040.01
BTC,8/8/23,29179.28
BTC,8/9/23,29770.01
BTC,8/10/23,29562.76
BTC,8/11/23,29424.04
BTC,8/12/23,29400.45
BTC,8/13/23,29417.19
BTC,8/14/23,29275.78
BTC,8/15/23,29405.49
BTC,8/16/23,29170.13
BTC,8/17/23,28700.51
BTC,8/18/23,26627.21
BTC,8/19/23,26048.90
BTC,8/20/23,26096.40
BTC,8/21/23,26189.36
BTC,8/22/23,26137.99
BTC,8/23/23,26041.94
BTC,8/24/23,26427.73
BTC,8/25/23,26163.49
BTC,8/26/23,26049.40
BTC,8/27/23,26009.62
BTC,8/28/23,26091.16
BTC,8/29/23,26101.03
BTC,8/30/23,27717.15
BTC,8/31/23,27306.06
BTC,9/1/23,25931.51
BTC,9/2/23,25795.61
BTC,9/3/23,25867.82
BTC,9/4/23,25969.83
BTC,9/5/23,25816.14
BTC,9/6/23,25782.49
BTC,9/7/23,25747.63
BTC,9/8/23,26276.38
BTC,9/9/23,25906.33
BTC,9/10/23,25897.82
BTC,9/11/23,25831.77
BTC,9/12/23,25152.13
BTC,9/13/23,25839.95
BTC,9/14/23,26227.16
BTC,9/15/23,26532.50
BTC,9/16/23,26601.71
BTC,9/17/23,26569.69
BTC,9/18/23,26530.96
BTC,9/19/23,26764.03
BTC,9/20/23,27216.52
BTC,9/21/23,27122.65
BTC,9/22/23,26564.54
BTC,9/23/23,26578.40
BTC,9/24/23,26579.59
BTC,9/25/23,26248.17
BTC,9/26/23,26296.07
BTC,9/27/23,26208.43
BTC,9/28/23,26357.56
BTC,9/29/23,27027.44
BTC,9/30/23,26905.57
BTC,10/1/23,26961.00
BTC,10/2/23,27995.46
BTC,10/3/23,27504.03
BTC,10/4/23,27428.96
BTC,10/5/23,27786.12
BTC,10/6/23,27413.15
BTC,10/7/23,27945.17
BTC,10/8/23,27976.44
BTC,10/9/23,27933.54
BTC,10/10/23,27596.67
BTC,10/11/23,27393.28
BTC,10/12/23,26867.97
BTC,10/13/23,26752.06
BTC,10/14/23,26863.54
BTC,10/15/23,26851.71
BTC,10/16/23,27186.13
BTC,10/17/23,28520.24
BTC,10/18/23,28408.51
BTC,10/19/23,28326.24
BTC,10/20/23,28734.51
BTC,10/21/23,29684.73
BTC,10/22/23,29925.91
BTC,10/23/23,30004.14
BTC,10/24/23,33079.72
BTC,10/25/23,33921.66
BTC,10/26/23,34504.33
BTC,10/27/23,34153.35
BTC,10/28/23,33905.96
BTC,10/29/23,34085.42
BTC,10/30/23,34534.48
BTC,10/31/23,34493.51
BTC,11/1/23,34656.38
BTC,11/2/23,35440.10
BTC,11/3/23,34954.60
BTC,11/4/23,34730.32
BTC,11/5/23,35087.43
BTC,11/6/23,35035.79
BTC,11/7/23,35059.46
BTC,11/8/23,35416.63
BTC,11/9/23,35555.16
BTC,11/10/23,36704.01
BTC,11/11/23,37324.84
BTC,11/12/23,37139.94
BTC,11/13/23,37086.50
BTC,11/14/23,36475.68
BTC,11/15/23,35554.10
BTC,11/16/23,37885.35
BTC,11/17/23,36161.15
BTC,11/18/23,36631.56
BTC,11/19/23,36596.14
BTC,11/20/23,37389.06
BTC,11/21/23,37472.76
BTC,11/22/23,35633.00
BTC,11/23/23,37424.31
BTC,11/24/23,37304.04
BTC,11/25/23,37746.29
BTC,11/26/23,37806.84
BTC,11/27/23,37462.01
BTC,11/28/23,37241.64